kic,partnership_gaze,impact_gaze,talent_gaze,people_pct,tech_pct,nature_pct,abstract_pct,demand_pct,naturalistic_pct,sensory_pct,technological_pct,n
Climate-KIC,0.42,0.38,0.20,38.2,35.4,18.6,7.8,28.4,42.1,24.3,26.8,312
EIT Digital,0.35,0.28,0.37,48.6,32.1,8.4,10.9,35.6,38.4,34.2,18.6,287
EIT Health,0.38,0.42,0.20,42.3,38.4,6.2,13.1,29.8,35.6,28.4,28.9,256
EIT InnoEnergy,0.44,0.36,0.20,35.8,42.6,12.4,9.2,26.2,38.9,22.1,32.4,298
EIT Food,0.40,0.35,0.25,44.2,28.6,19.8,7.4,31.4,48.6,26.8,16.2,234
EIT RawMaterials,0.36,0.44,0.20,32.4,45.6,14.2,7.8,24.6,36.2,18.4,38.6,178
EIT Manufacturing,0.38,0.40,0.22,36.8,48.2,6.4,8.6,28.2,32.4,21.6,38.2,156
EIT Urban Mobility,0.42,0.32,0.26,42.6,24.8,26.4,6.2,32.8,52.4,28.6,12.8,189
EIT Culture & Creativity,0.34,0.24,0.42,56.4,18.2,8.6,16.8,42.6,38.2,42.4,8.6,93
